Ref,Val,Package,PosX,PosY,Rot,Side
"C2","C_0805_2012Metric","C_0805_2012Metric",31.800000,-40.000000,-90.000000,bottom
"C3","C_0805_2012Metric","C_0805_2012Metric",10.600000,-22.500000,-90.000000,bottom
"C4","C_0805_2012Metric","C_0805_2012Metric",41.700000,-25.500000,0.000000,bottom
"C5","C_0805_2012Metric","C_0805_2012Metric",41.700000,-10.000000,0.000000,bottom
"C6","C_0805_2012Metric","C_0805_2012Metric",41.700000,-12.500000,0.000000,bottom
"C7","C_0805_2012Metric","C_0805_2012Metric",31.500000,-11.200000,-90.000000,bottom
"C8","C_1206_3216Metric","C_1206_3216Metric",27.300000,-7.800000,0.000000,bottom
"C10","C_0805_2012Metric","C_0805_2012Metric",31.800000,-7.800000,0.000000,bottom
"C11","C_1210_3225Metric","C_1210_3225Metric",26.500000,-30.500000,-90.000000,bottom
"C12","C_1210_3225Metric","C_1210_3225Metric",30.500000,-30.500000,-90.000000,bottom
"C16","C_1206_3216Metric","C_1206_3216Metric",27.200000,-36.200000,0.000000,bottom
"D1","D_SMB","D_SMB",54.300000,-16.000000,-90.000000,bottom
"D9","D_SMA","D_SMA",51.500000,-25.000000,0.000000,bottom
"D10","D_SMA","D_SMA",51.500000,-30.000000,0.000000,bottom
"D11","D_SMA","D_SMA",51.500000,-35.000000,0.000000,bottom
"J3","PinSocket_2x20_P2.54mm_Vertical","PinSocket_2x20_P2.54mm_Vertical",8.370000,-4.770000,-90.000000,bottom
"L1","L_Vishay_IHLP-2525","L_Vishay_IHLP-2525",28.600000,-16.800000,0.000000,bottom
"Q1","TO-252-2","TO-252-2",23.000000,-44.800000,0.000000,bottom
"R1","R_0805_2012Metric","R_0805_2012Metric",19.000000,-39.900000,0.000000,bottom
"R2","R_0805_2012Metric","R_0805_2012Metric",6.300000,-19.500000,-90.000000,bottom
"R3","R_0805_2012Metric","R_0805_2012Metric",40.500000,-28.500000,-90.000000,bottom
"R4","R_0805_2012Metric","R_0805_2012Metric",43.000000,-28.500000,-90.000000,bottom
"R5","R_0805_2012Metric","R_0805_2012Metric",49.500000,-12.000000,0.000000,bottom
"R6","R_0805_2012Metric","R_0805_2012Metric",49.500000,-15.000000,0.000000,bottom
"R7","R_0805_2012Metric","R_0805_2012Metric",49.500000,-18.000000,0.000000,bottom
"R8","R_0805_2012Metric","R_0805_2012Metric",49.500000,-21.000000,0.000000,bottom
"R9","R_0805_2012Metric","R_0805_2012Metric",40.500000,-32.500000,-90.000000,bottom
"R10","R_0805_2012Metric","R_0805_2012Metric",50.000000,-39.000000,0.000000,bottom
"R11","R_0805_2012Metric","R_0805_2012Metric",50.000000,-41.300000,0.000000,bottom
"R12","R_0805_2012Metric","R_0805_2012Metric",54.000000,-39.000000,0.000000,bottom
"R13","R_0805_2012Metric","R_0805_2012Metric",54.000000,-41.300000,0.000000,bottom
"R16","R_0805_2012Metric","R_0805_2012Metric",25.500000,-34.000000,0.000000,bottom
"R17","R_0805_2012Metric","R_0805_2012Metric",31.200000,-34.000000,0.000000,bottom
"R19","R_0805_2012Metric","R_0805_2012Metric",16.000000,-34.500000,-90.000000,bottom
"R20","R_0805_2012Metric","R_0805_2012Metric",16.000000,-38.500000,-90.000000,bottom
"R21","R_0805_2012Metric","R_0805_2012Metric",14.800000,-46.000000,0.000000,bottom
"U2","SOIC-16_3.9x9.9mm_P1.27mm","SOIC-16_3.9x9.9mm_P1.27mm",9.000000,-41.500000,0.000000,bottom
"U4","SOIC-8_3.9x4.9mm_P1.27mm","SOIC-8_3.9x4.9mm_P1.27mm",41.700000,-20.000000,-90.000000,bottom
"U5","D_SOD-323","D_SOD-323",7.300000,-23.000000,0.000000,bottom
"U6","SOT-23-6","SOT-23-6",27.500000,-11.200000,0.000000,bottom
"D5","LED_0805_2012Metric","LED_0805_2012Metric",20.200000,-50.500000,90.000000,top
"D6","LED_0805_2012Metric","LED_0805_2012Metric",32.200000,-50.500000,90.000000,top
"D7","LED_0805_2012Metric","LED_0805_2012Metric",44.700000,-50.500000,90.000000,top
"D8","LED_0805_2012Metric","LED_0805_2012Metric",61.000000,-47.000000,0.000000,top
"D12","LED_0805_2012Metric","LED_0805_2012Metric",14.900000,-35.500000,0.000000,top
"D13","LED_0805_2012Metric","LED_0805_2012Metric",14.900000,-39.000000,0.000000,top
"F1","Fuse_Bourns_MF-RG500","Fuse_Bourns_MF-RG500",13.500000,-28.900000,90.000000,top
"F2","Fuse_Bourns_MF-RHT100","Fuse_Bourns_MF-RHT100",31.500000,-43.400000,0.000000,top
"F3","Fuse_Bourns_MF-RHT100","Fuse_Bourns_MF-RHT100",42.000000,-43.400000,0.000000,top
"F4","Fuse_Bourns_MF-RHT100","Fuse_Bourns_MF-RHT100",52.500000,-43.400000,0.000000,top
"J1","BarrelJack_CUI_PJ-102AH_Horizontal","BarrelJack_CUI_PJ-102AH_Horizontal",14.600000,-14.000000,-90.000000,top
"J4","TerminalBlock_Phoenix_PT-1,5-3-3.5-H_1x03_P3.50mm_Horizontal","TerminalBlock_Phoenix_PT-1,5-3-3.5-H_1x03_P3.50mm_Horizontal",4.000000,-46.500000,90.000000,top
"J8","TerminalBlock_Phoenix_PT-1,5-2-3.5-H_1x02_P3.50mm_Horizontal","TerminalBlock_Phoenix_PT-1,5-2-3.5-H_1x02_P3.50mm_Horizontal",12.500000,-52.000000,0.000000,top
"J9","TerminalBlock_Phoenix_PT-1,5-2-3.5-H_1x02_P3.50mm_Horizontal","TerminalBlock_Phoenix_PT-1,5-2-3.5-H_1x02_P3.50mm_Horizontal",24.500000,-52.000000,0.000000,top
"J10","TerminalBlock_Phoenix_PT-1,5-2-3.5-H_1x02_P3.50mm_Horizontal","TerminalBlock_Phoenix_PT-1,5-2-3.5-H_1x02_P3.50mm_Horizontal",36.500000,-52.000000,0.000000,top
"J11","TerminalBlock_Phoenix_PT-1,5-3-3.5-H_1x03_P3.50mm_Horizontal","TerminalBlock_Phoenix_PT-1,5-3-3.5-H_1x03_P3.50mm_Horizontal",49.500000,-52.000000,0.000000,top
"J13","TerminalBlock_Phoenix_PT-1,5-2-3.5-H_1x02_P3.50mm_Horizontal","TerminalBlock_Phoenix_PT-1,5-2-3.5-H_1x02_P3.50mm_Horizontal",4.000000,-26.300000,90.000000,top
"J14","TerminalBlock_Phoenix_PT-1,5-2-3.5-H_1x02_P3.50mm_Horizontal","TerminalBlock_Phoenix_PT-1,5-2-3.5-H_1x02_P3.50mm_Horizontal",4.000000,-34.600000,90.000000,top
"K1","Relay_SPDT_Omron-G5LE-1","Relay_SPDT_Omron-G5LE-1",37.200000,-16.200000,-90.000000,top
"K2","Relay_SPDT_Omron-G5LE-1","Relay_SPDT_Omron-G5LE-1",60.400000,-16.200000,-90.000000,top
"K3","Relay_SPDT_Omron-G5LE-1","Relay_SPDT_Omron-G5LE-1",37.200000,-33.300000,-90.000000,top
"K4","Relay_SPDT_Omron-G5LE-1","Relay_SPDT_Omron-G5LE-1",60.400000,-33.300000,-90.000000,top
